{
  "locations": [
    {
      "name": "UnityPoint Health - Iowa Methodist Medical Center",
      "type": "hospital",
      "address": {
        "street": "1200 Pleasant St",
        "city": "Des Moines",
        "state": "IA",
        "zipCode": "50309"
      },
      "phone": "(515) 241-6212",
      "website": "https://www.unitypoint.org/locations/unitypoint-health---iowa-methodist-medical-center",
      "visitingHours": "Open 24/7 (visitor hours may vary by unit)"
    },
    {
      "name": "MercyOne Des Moines Medical Center",
      "type": "hospital",
      "address": {
        "street": "1111 6th Ave",
        "city": "Des Moines",
        "state": "IA",
        "zipCode": "50314"
      },
      "phone": "(515) 247-3121",
      "website": "https://www.mercyone.org/location/mercyone-des-moines-medical-center-1",
      "visitingHours": "7:00 AM - 8:00 PM daily"
    },
    {
      "name": "UnityPoint Health - Iowa Lutheran Hospital",
      "type": "hospital",
      "address": {
        "street": "700 E University Ave",
        "city": "Des Moines",
        "state": "IA",
        "zipCode": "50316"
      },
      "phone": "(515) 263-5612",
      "website": "https://www.unitypoint.org/locations/unitypoint-health---iowa-lutheran-hospital",
      "visitingHours": "Open 24/7 (visitor hours may vary by unit)"
    },
    {
      "name": "MercyOne West Des Moines Medical Center",
      "type": "hospital",
      "address": {
        "street": "1755 59th Pl",
        "city": "West Des Moines",
        "state": "IA",
        "zipCode": "50266"
      },
      "phone": "(515) 358-8000",
      "website": "https://www.mercyone.org/location/mercyone-west-des-moines-medical-center",
      "visitingHours": "7:00 AM - 8:00 PM daily"
    },
    {
      "name": "UnityPoint Health - Methodist West Hospital",
      "type": "hospital",
      "address": {
        "street": "1660 60th St",
        "city": "West Des Moines",
        "state": "IA",
        "zipCode": "50266"
      },
      "phone": "(515) 343-1000",
      "website": "https://www.unitypoint.org/locations/unitypoint-health---methodist-west-hospital",
      "visitingHours": "Open 24/7 (visitor hours may vary by unit)"
    },
    {
      "name": "Broadlawns Medical Center",
      "type": "hospital",
      "address": {
        "street": "1801 Hickman Rd",
        "city": "Des Moines",
        "state": "IA",
        "zipCode": "50314"
      },
      "phone": "(515) 282-2200",
      "website": "https://www.broadlawns.org",
      "visitingHours": "Open 24/7 (contact facility for specific unit policies)"
    },
    {
      "name": "VA Central Iowa Health Care System",
      "type": "hospital",
      "address": {
        "street": "3600 30th St",
        "city": "Des Moines",
        "state": "IA",
        "zipCode": "50310"
      },
      "phone": "(515) 699-5999",
      "website": "https://www.centraliowa.va.gov",
      "visitingHours": "Varies by unit (call for specific unit hours)"
    },
    {
      "name": "MercyOne Children's Hospital",
      "type": "hospital",
      "address": {
        "street": "1111 6th Ave, East Tower",
        "city": "Des Moines",
        "state": "IA",
        "zipCode": "50314"
      },
      "phone": "(515) 247-3121",
      "website": "https://www.mercyone.org/location/mercyone-childrens-hospital",
      "visitingHours": "7:00 AM - 8:00 PM daily"
    },
    {
      "name": "Calvin Community",
      "type": "nursing_home",
      "address": {
        "street": "4210 Hickman Rd",
        "city": "Des Moines",
        "state": "IA",
        "zipCode": "50310"
      },
      "phone": "(515) 277-6141",
      "website": "https://www.calvincommunity.org",
      "visitingHours": "8:00 AM - 8:00 PM daily (flexible for families)"
    },
    {
      "name": "Wesley on Grand",
      "type": "nursing_home",
      "address": {
        "street": "3520 Grand Ave",
        "city": "Des Moines",
        "state": "IA",
        "zipCode": "50312"
      },
      "phone": "(515) 271-6500",
      "website": "https://www.wesleylife.org/wesley-on-grand",
      "visitingHours": "8:00 AM - 8:00 PM daily (call for specific unit hours)"
    },
    {
      "name": "Edencrest at Beaverdale",
      "type": "nursing_home",
      "address": {
        "street": "3410 Beaver Ave",
        "city": "Des Moines",
        "state": "IA",
        "zipCode": "50310"
      },
      "phone": "(515) 329-9080",
      "website": "https://edencrestliving.com/beaverdale",
      "visitingHours": "8:00 AM - 8:00 PM daily (call for specific hours)"
    },
    {
      "name": "Independence Village of Des Moines",
      "type": "nursing_home",
      "address": {
        "street": "4610 Douglas Ave",
        "city": "Des Moines",
        "state": "IA",
        "zipCode": "50310"
      },
      "phone": "(515) 278-1715",
      "website": "https://www.storypoint.com/community/des-moines-ia",
      "visitingHours": "8:00 AM - 8:00 PM daily (flexible hours)"
    },
    {
      "name": "Ramsey Village Continuing Care",
      "type": "nursing_home",
      "address": {
        "street": "1611 27th St",
        "city": "Des Moines",
        "state": "IA",
        "zipCode": "50311"
      },
      "phone": "(515) 706-1397",
      "website": "https://www.crmscommunities.com/senior-living/ia/des-moines/ramsey-village",
      "visitingHours": "8:00 AM - 8:00 PM daily (flexible hours)"
    },
    {
      "name": "Pine Acres Rehabilitation & Care Center",
      "type": "nursing_home",
      "address": {
        "street": "1501 Office Park Rd",
        "city": "West Des Moines",
        "state": "IA",
        "zipCode": "50265"
      },
      "phone": "(515) 223-1223",
      "website": "https://pineacrescenter.com",
      "visitingHours": "Open 24/7 (admissions accepted around the clock)"
    },
    {
      "name": "Royal Oaks Nursing and Rehabilitation",
      "type": "nursing_home",
      "address": {
        "street": "4614 84th St",
        "city": "Urbandale",
        "state": "IA",
        "zipCode": "50322"
      },
      "phone": "(515) 270-6838",
      "website": "https://royaloaksnursing.com",
      "visitingHours": "8:00 AM - 8:00 PM daily (flexible for families)"
    },
    {
      "name": "Azria Health Park Place",
      "type": "nursing_home",
      "address": {
        "street": "2401 E 8th St",
        "city": "Des Moines",
        "state": "IA",
        "zipCode": "50316"
      },
      "phone": "(515) 262-9303",
      "website": "https://www.azriahealth.com/locations/azria-health-park-place",
      "visitingHours": "8:00 AM - 8:00 PM daily (contact for specific hours)"
    },
    {
      "name": "Valley View Village",
      "type": "nursing_home",
      "address": {
        "street": "2571 Guthrie Ave",
        "city": "Des Moines",
        "state": "IA",
        "zipCode": "50317"
      },
      "phone": "(515) 265-2571",
      "website": "https://www.valleyviewvillage.org/",
      "visitingHours": "Open 24 hours"
    },
    {
      "name": "Bickford of Urbandale",
      "type": "assisted_living",
      "address": {
        "street": "5915 Sutton Pl",
        "city": "Urbandale",
        "state": "IA",
        "zipCode": "50322"
      },
      "phone": "(515) 854-5161",
      "website": "https://www.bickfordseniorliving.com/urbandale",
      "visitingHours": "8:00 AM - 8:00 PM daily (flexible hours welcome)"
    },
    {
      "name": "Calvin Community",
      "type": "assisted_living",
      "address": {
        "street": "4210 Hickman Rd",
        "city": "Des Moines",
        "state": "IA",
        "zipCode": "50310"
      },
      "phone": "(515) 277-6141",
      "website": "https://www.calvincommunity.org",
      "visitingHours": "8:00 AM - 8:00 PM daily (flexible for families)"
    },
    {
      "name": "Edencrest at Beaverdale",
      "type": "assisted_living",
      "address": {
        "street": "3410 Beaver Ave",
        "city": "Des Moines",
        "state": "IA",
        "zipCode": "50310"
      },
      "phone": "(515) 329-9080",
      "website": "https://edencrestliving.com/beaverdale",
      "visitingHours": "8:00 AM - 8:00 PM daily (flexible hours welcome)"
    },
    {
      "name": "Elite Lodge of Ashworth",
      "type": "assisted_living",
      "address": {
        "street": "909 Ashworth Rd",
        "city": "West Des Moines",
        "state": "IA",
        "zipCode": "50265"
      },
      "phone": "(515) 729-9100",
      "website": "https://eliteloa.com",
      "visitingHours": "8:00 AM - 8:00 PM daily (call for specific hours)"
    },
    {
      "name": "Woodlands Creek Senior Living",
      "type": "assisted_living",
      "address": {
        "street": "12605 Woodlands Pkwy",
        "city": "Clive",
        "state": "IA",
        "zipCode": "50325"
      },
      "phone": "(515) 223-9755",
      "website": "https://dialseniorliving.com/find-a-community/woodlands-creek-dial-senior-living-clive-ia",
      "visitingHours": "8:00 AM - 8:00 PM daily (flexible hours welcome)"
    },
    {
      "name": "Grand Living at Tower Place",
      "type": "assisted_living",
      "address": {
        "street": "540 S 51st St",
        "city": "West Des Moines",
        "state": "IA",
        "zipCode": "50265"
      },
      "phone": "(515) 850-5540",
      "website": "https://grandliving.com/communities/senior-living-at-tower-place-west-des-moines-iowa",
      "visitingHours": "8:00 AM - 8:00 PM daily (flexible hours welcome)"
    },
    {
      "name": "Ramsey Village Continuing Care",
      "type": "assisted_living",
      "address": {
        "street": "1611 27th St",
        "city": "Des Moines",
        "state": "IA",
        "zipCode": "50311"
      },
      "phone": "(515) 706-1397",
      "website": "https://www.crmscommunities.com/senior-living/ia/des-moines/ramsey-village",
      "visitingHours": "8:00 AM - 8:00 PM daily (flexible hours)"
    },
    {
      "name": "Holiday Illahee Hills",
      "type": "assisted_living",
      "address": {
        "street": "8308 Colby Pkwy",
        "city": "Urbandale",
        "state": "IA",
        "zipCode": "50322"
      },
      "phone": "(515) 251-4604",
      "website": "https://www.holidayseniorliving.com/retirement-communities/holiday-illahee-hills-urbandale-ia",
      "visitingHours": "8:00 AM - 8:00 PM daily (flexible hours welcome)"
    },
    {
      "name": "Independence Village of Waukee",
      "type": "assisted_living",
      "address": {
        "street": "1650 SE Holiday Crest Cir",
        "city": "Waukee",
        "state": "IA",
        "zipCode": "50263"
      },
      "phone": "(515) 987-4100",
      "website": "https://www.storypoint.com/community/waukee-ia",
      "visitingHours": "8:00 AM - 8:00 PM daily (flexible hours)"
    },
    {
      "name": "Select Specialty Hospital - Des Moines",
      "type": "rehab",
      "address": {
        "street": "1111 6th Ave, Main 4th Floor",
        "city": "Des Moines",
        "state": "IA",
        "zipCode": "50314"
      },
      "phone": "(515) 247-4400",
      "website": "https://www.selectspecialtyhospitals.com/locations-and-tours/IA/Des-Moines/Des-Moines",
      "visitingHours": "7:00 AM - 7:00 PM daily"
    },
    {
      "name": "Pine Acres Rehabilitation & Care Center",
      "type": "rehab",
      "address": {
        "street": "1501 Office Park Rd",
        "city": "West Des Moines",
        "state": "IA",
        "zipCode": "50265"
      },
      "phone": "(515) 223-1223",
      "website": "https://pineacrescenter.com",
      "visitingHours": "Open 24/7 (admissions accepted around the clock)"
    }
  ]
}
